1,philip@gmail.com,Philip,pass,1
2,2philip@gmail.com,2Philip,pass,0
3,3philip@gmail.com,3Philip,pass,0
4,4philip@gmail.com,4Philip,pass,0
5,5philip@gmail.com,5Philip,pass,0
6,6philip@gmail.com,6Philip,pass,0
7,7philip@gmail.com,7Philip,pass,0
8,8philip@gmail.com,8Philip,pass,0
9,9philip@gmail.com,9Philip,pass,0
10,10philip@gmail.com,10Philip,pass,0
11,11philip@gmail.com,11Philip,pass,0
12,12philip@gmail.com,12Philip,pass,0
13,13philip@gmail.com,13Philip,pass,0
14,14philip@gmail.com,14Philip,pass,0
15,15philip@gmail.com,15Philip,pass,0
16,16philip@gmail.com,16Philip,pass,0
17,17philip@gmail.com,17Philip,pass,0
18,18philip@gmail.com,18Philip,pass,0
19,19philip@gmail.com,19Philip,pass,0
20,20philip@gmail.com,20Philip,pass,0
21,21philip@gmail.com,21Philip,pass,0
22,22philip@gmail.com,22Philip,pass,0
23,23philip@gmail.com,23Philip,pass,0
24,24philip@gmail.com,24Philip,pass,0
25,25philip@gmail.com,25Philip,pass,0
26,26philip@gmail.com,26Philip,pass,0
27,27philip@gmail.com,27Philip,pass,0
28,28philip@gmail.com,28Philip,pass,0
29,29philip@gmail.com,29Philip,pass,0
30,30philip@gmail.com,30Philip,pass,0
31,31philip@gmail.com,31Philip,pass,0
32,32philip@gmail.com,32Philip,pass,0
33,33philip@gmail.com,33Philip,pass,0
34,34philip@gmail.com,34Philip,pass,0
35,35philip@gmail.com,35Philip,pass,0
36,36philip@gmail.com,36Philip,pass,0
37,37philip@gmail.com,37Philip,pass,0
38,38philip@gmail.com,38Philip,pass,0
39,39philip@gmail.com,39Philip,pass,0
40,40philip@gmail.com,40Philip,pass,0
41,41philip@gmail.com,41Philip,pass,0
42,42philip@gmail.com,42Philip,pass,0
43,43philip@gmail.com,43Philip,pass,0
44,44philip@gmail.com,44Philip,pass,0
45,45philip@gmail.com,45Philip,pass,0
46,46philip@gmail.com,46Philip,pass,0
47,47philip@gmail.com,47Philip,pass,0
48,48philip@gmail.com,48Philip,pass,0
49,49philip@gmail.com,49Philip,pass,0
50,50philip@gmail.com,50Philip,pass,0
51,51philip@gmail.com,51Philip,pass,0
52,52philip@gmail.com,52Philip,pass,0
53,53philip@gmail.com,53Philip,pass,0
54,54philip@gmail.com,54Philip,pass,0
55,55philip@gmail.com,55Philip,pass,0
56,56philip@gmail.com,56Philip,pass,0
57,57philip@gmail.com,57Philip,pass,0
58,58philip@gmail.com,58Philip,pass,0
59,59philip@gmail.com,59Philip,pass,0
60,60philip@gmail.com,60Philip,pass,0
61,61philip@gmail.com,61Philip,pass,0
62,62philip@gmail.com,62Philip,pass,0
63,63philip@gmail.com,63Philip,pass,0
64,64philip@gmail.com,64Philip,pass,0
65,65philip@gmail.com,65Philip,pass,0
66,66philip@gmail.com,66Philip,pass,0
67,67philip@gmail.com,67Philip,pass,0
68,68philip@gmail.com,68Philip,pass,0
69,69philip@gmail.com,69Philip,pass,0
70,70philip@gmail.com,70Philip,pass,0
71,71philip@gmail.com,71Philip,pass,0
72,72philip@gmail.com,72Philip,pass,0
73,73philip@gmail.com,73Philip,pass,0
74,74philip@gmail.com,74Philip,pass,0
75,75philip@gmail.com,75Philip,pass,0
76,76philip@gmail.com,76Philip,pass,0
77,77philip@gmail.com,77Philip,pass,0
78,78philip@gmail.com,78Philip,pass,0
79,79philip@gmail.com,79Philip,pass,0
80,80philip@gmail.com,80Philip,pass,0
81,81philip@gmail.com,81Philip,pass,0
82,82philip@gmail.com,82Philip,pass,0
83,83philip@gmail.com,83Philip,pass,0
84,84philip@gmail.com,84Philip,pass,0
85,85philip@gmail.com,85Philip,pass,0
86,86philip@gmail.com,86Philip,pass,0
87,87philip@gmail.com,87Philip,pass,0
88,88philip@gmail.com,88Philip,pass,0
89,89philip@gmail.com,89Philip,pass,0
90,90philip@gmail.com,90Philip,pass,0
91,91philip@gmail.com,91Philip,pass,0
92,92philip@gmail.com,92Philip,pass,0
93,93philip@gmail.com,93Philip,pass,0
94,94philip@gmail.com,94Philip,pass,0
95,95philip@gmail.com,95Philip,pass,0
96,96philip@gmail.com,96Philip,pass,0
97,97philip@gmail.com,97Philip,pass,0
98,98philip@gmail.com,98Philip,pass,0
99,99philip@gmail.com,99Philip,pass,0
100,100philip@gmail.com,100Philip,pass,0
101,101philip@gmail.com,101Philip,pass,0
102,102philip@gmail.com,102Philip,pass,0
103,103philip@gmail.com,103Philip,pass,0
104,104philip@gmail.com,104Philip,pass,0
105,105philip@gmail.com,105Philip,pass,0
106,106philip@gmail.com,106Philip,pass,0
107,107philip@gmail.com,107Philip,pass,0
108,108philip@gmail.com,108Philip,pass,0
109,109philip@gmail.com,109Philip,pass,0
110,110philip@gmail.com,110Philip,pass,0
111,111philip@gmail.com,111Philip,pass,0
112,112philip@gmail.com,112Philip,pass,0
113,113philip@gmail.com,113Philip,pass,0
114,114philip@gmail.com,114Philip,pass,0
115,115philip@gmail.com,115Philip,pass,0
116,116philip@gmail.com,116Philip,pass,0
117,117philip@gmail.com,117Philip,pass,0
118,118philip@gmail.com,118Philip,pass,0
119,119philip@gmail.com,119Philip,pass,0
120,120philip@gmail.com,120Philip,pass,0
121,121philip@gmail.com,121Philip,pass,0
122,122philip@gmail.com,122Philip,pass,0
123,123philip@gmail.com,123Philip,pass,0
124,124philip@gmail.com,124Philip,pass,0
125,125philip@gmail.com,125Philip,pass,0
126,126philip@gmail.com,126Philip,pass,0
127,127philip@gmail.com,127Philip,pass,0
128,128philip@gmail.com,128Philip,pass,0
129,129philip@gmail.com,129Philip,pass,0
130,130philip@gmail.com,130Philip,pass,0
131,131philip@gmail.com,131Philip,pass,0
132,132philip@gmail.com,132Philip,pass,0
133,133philip@gmail.com,133Philip,pass,0
134,134philip@gmail.com,134Philip,pass,0
135,135philip@gmail.com,135Philip,pass,0
136,136philip@gmail.com,136Philip,pass,0
137,137philip@gmail.com,137Philip,pass,0
138,138philip@gmail.com,138Philip,pass,0
139,139philip@gmail.com,139Philip,pass,0
140,140philip@gmail.com,140Philip,pass,0
141,141philip@gmail.com,141Philip,pass,0
142,142philip@gmail.com,142Philip,pass,0
143,143philip@gmail.com,143Philip,pass,0
144,144philip@gmail.com,144Philip,pass,0
145,145philip@gmail.com,145Philip,pass,0
146,146philip@gmail.com,146Philip,pass,0
147,147philip@gmail.com,147Philip,pass,0
148,148philip@gmail.com,148Philip,pass,0
149,149philip@gmail.com,149Philip,pass,0
150,150philip@gmail.com,150Philip,pass,0
151,151philip@gmail.com,151Philip,pass,0
152,152philip@gmail.com,152Philip,pass,0
153,153philip@gmail.com,153Philip,pass,0
154,154philip@gmail.com,154Philip,pass,0
155,155philip@gmail.com,155Philip,pass,0
156,156philip@gmail.com,156Philip,pass,0
157,157philip@gmail.com,157Philip,pass,0
158,158philip@gmail.com,158Philip,pass,0
159,159philip@gmail.com,159Philip,pass,0
160,160philip@gmail.com,160Philip,pass,0
161,161philip@gmail.com,161Philip,pass,0
162,162philip@gmail.com,162Philip,pass,0
163,163philip@gmail.com,163Philip,pass,0
164,164philip@gmail.com,164Philip,pass,0
165,165philip@gmail.com,165Philip,pass,0
166,166philip@gmail.com,166Philip,pass,0
167,167philip@gmail.com,167Philip,pass,0
168,168philip@gmail.com,168Philip,pass,0
169,169philip@gmail.com,169Philip,pass,0
170,170philip@gmail.com,170Philip,pass,0
171,171philip@gmail.com,171Philip,pass,0
172,172philip@gmail.com,172Philip,pass,0
173,173philip@gmail.com,173Philip,pass,0
174,174philip@gmail.com,174Philip,pass,0
175,175philip@gmail.com,175Philip,pass,0
176,176philip@gmail.com,176Philip,pass,0
177,177philip@gmail.com,177Philip,pass,0
178,178philip@gmail.com,178Philip,pass,0
179,179philip@gmail.com,179Philip,pass,0
180,180philip@gmail.com,180Philip,pass,0
181,181philip@gmail.com,181Philip,pass,0
182,182philip@gmail.com,182Philip,pass,0
183,183philip@gmail.com,183Philip,pass,0
184,184philip@gmail.com,184Philip,pass,0
185,185philip@gmail.com,185Philip,pass,0
186,186philip@gmail.com,186Philip,pass,0
187,187philip@gmail.com,187Philip,pass,0
188,188philip@gmail.com,188Philip,pass,0
189,189philip@gmail.com,189Philip,pass,0
190,190philip@gmail.com,190Philip,pass,0
191,191philip@gmail.com,191Philip,pass,0
192,192philip@gmail.com,192Philip,pass,0
193,193philip@gmail.com,193Philip,pass,0
194,194philip@gmail.com,194Philip,pass,0
195,195philip@gmail.com,195Philip,pass,0
196,196philip@gmail.com,196Philip,pass,0
197,197philip@gmail.com,197Philip,pass,0
198,198philip@gmail.com,198Philip,pass,0
199,199philip@gmail.com,199Philip,pass,0
200,200philip@gmail.com,200Philip,pass,0
201,201philip@gmail.com,201Philip,pass,0
202,202philip@gmail.com,202Philip,pass,0
203,203philip@gmail.com,203Philip,pass,0
204,204philip@gmail.com,204Philip,pass,0
205,205philip@gmail.com,205Philip,pass,0
206,206philip@gmail.com,206Philip,pass,0
207,207philip@gmail.com,207Philip,pass,0
208,208philip@gmail.com,208Philip,pass,0
209,209philip@gmail.com,209Philip,pass,0
210,210philip@gmail.com,210Philip,pass,0
211,211philip@gmail.com,211Philip,pass,0
212,212philip@gmail.com,212Philip,pass,0
213,213philip@gmail.com,213Philip,pass,0
214,214philip@gmail.com,214Philip,pass,0
215,215philip@gmail.com,215Philip,pass,0
216,216philip@gmail.com,216Philip,pass,0
217,217philip@gmail.com,217Philip,pass,0
218,218philip@gmail.com,218Philip,pass,0
219,219philip@gmail.com,219Philip,pass,0
220,220philip@gmail.com,220Philip,pass,0
221,221philip@gmail.com,221Philip,pass,0
222,222philip@gmail.com,222Philip,pass,0
223,223philip@gmail.com,223Philip,pass,0
224,224philip@gmail.com,224Philip,pass,0
225,225philip@gmail.com,225Philip,pass,0
226,226philip@gmail.com,226Philip,pass,0
227,227philip@gmail.com,227Philip,pass,0
228,228philip@gmail.com,228Philip,pass,0
229,229philip@gmail.com,229Philip,pass,0
230,230philip@gmail.com,230Philip,pass,0
231,231philip@gmail.com,231Philip,pass,0
232,232philip@gmail.com,232Philip,pass,0
233,233philip@gmail.com,233Philip,pass,0
234,234philip@gmail.com,234Philip,pass,0
235,235philip@gmail.com,235Philip,pass,0
236,236philip@gmail.com,236Philip,pass,0
237,237philip@gmail.com,237Philip,pass,0
238,238philip@gmail.com,238Philip,pass,0
239,239philip@gmail.com,239Philip,pass,0
240,240philip@gmail.com,240Philip,pass,0
241,241philip@gmail.com,241Philip,pass,0
242,242philip@gmail.com,242Philip,pass,0
243,243philip@gmail.com,243Philip,pass,0
244,244philip@gmail.com,244Philip,pass,0
245,245philip@gmail.com,245Philip,pass,0
246,246philip@gmail.com,246Philip,pass,0
247,247philip@gmail.com,247Philip,pass,0
248,248philip@gmail.com,248Philip,pass,0
249,249philip@gmail.com,249Philip,pass,0
250,250philip@gmail.com,250Philip,pass,0
251,251philip@gmail.com,251Philip,pass,0
252,252philip@gmail.com,252Philip,pass,0
253,253philip@gmail.com,253Philip,pass,0
254,254philip@gmail.com,254Philip,pass,0
255,255philip@gmail.com,255Philip,pass,0
256,256philip@gmail.com,256Philip,pass,0
257,257philip@gmail.com,257Philip,pass,0
258,258philip@gmail.com,258Philip,pass,0
259,259philip@gmail.com,259Philip,pass,0
260,260philip@gmail.com,260Philip,pass,0
261,261philip@gmail.com,261Philip,pass,0
262,262philip@gmail.com,262Philip,pass,0
263,263philip@gmail.com,263Philip,pass,0
264,264philip@gmail.com,264Philip,pass,0
265,265philip@gmail.com,265Philip,pass,0
266,266philip@gmail.com,266Philip,pass,0
267,267philip@gmail.com,267Philip,pass,0
268,268philip@gmail.com,268Philip,pass,0
269,269philip@gmail.com,269Philip,pass,0
270,270philip@gmail.com,270Philip,pass,0
271,271philip@gmail.com,271Philip,pass,0
272,272philip@gmail.com,272Philip,pass,0
273,273philip@gmail.com,273Philip,pass,0
274,274philip@gmail.com,274Philip,pass,0
275,275philip@gmail.com,275Philip,pass,0
276,276philip@gmail.com,276Philip,pass,0
277,277philip@gmail.com,277Philip,pass,0
278,278philip@gmail.com,278Philip,pass,0
279,279philip@gmail.com,279Philip,pass,0
280,280philip@gmail.com,280Philip,pass,0
281,281philip@gmail.com,281Philip,pass,0
282,282philip@gmail.com,282Philip,pass,0
283,283philip@gmail.com,283Philip,pass,0
284,284philip@gmail.com,284Philip,pass,0
285,285philip@gmail.com,285Philip,pass,0
286,286philip@gmail.com,286Philip,pass,0
287,287philip@gmail.com,287Philip,pass,0
288,288philip@gmail.com,288Philip,pass,0
289,289philip@gmail.com,289Philip,pass,0
290,290philip@gmail.com,290Philip,pass,0
291,291philip@gmail.com,291Philip,pass,0
292,292philip@gmail.com,292Philip,pass,0
293,293philip@gmail.com,293Philip,pass,0
294,294philip@gmail.com,294Philip,pass,0
295,295philip@gmail.com,295Philip,pass,0
296,296philip@gmail.com,296Philip,pass,0
297,297philip@gmail.com,297Philip,pass,0
298,298philip@gmail.com,298Philip,pass,0
299,299philip@gmail.com,299Philip,pass,0
300,300philip@gmail.com,300Philip,pass,0
301,301philip@gmail.com,301Philip,pass,0
302,302philip@gmail.com,302Philip,pass,0
303,303philip@gmail.com,303Philip,pass,0
304,304philip@gmail.com,304Philip,pass,0
305,305philip@gmail.com,305Philip,pass,0
306,306philip@gmail.com,306Philip,pass,0
307,307philip@gmail.com,307Philip,pass,0
308,308philip@gmail.com,308Philip,pass,0
309,309philip@gmail.com,309Philip,pass,0
310,310philip@gmail.com,310Philip,pass,0
311,311philip@gmail.com,311Philip,pass,0
312,312philip@gmail.com,312Philip,pass,0
313,313philip@gmail.com,313Philip,pass,0
314,314philip@gmail.com,314Philip,pass,0
315,315philip@gmail.com,315Philip,pass,0
316,316philip@gmail.com,316Philip,pass,0
317,317philip@gmail.com,317Philip,pass,0
318,318philip@gmail.com,318Philip,pass,0
319,319philip@gmail.com,319Philip,pass,0
320,320philip@gmail.com,320Philip,pass,0
321,321philip@gmail.com,321Philip,pass,0
322,322philip@gmail.com,322Philip,pass,0
323,323philip@gmail.com,323Philip,pass,0
324,324philip@gmail.com,324Philip,pass,0
325,325philip@gmail.com,325Philip,pass,0
326,326philip@gmail.com,326Philip,pass,0
327,327philip@gmail.com,327Philip,pass,0
328,328philip@gmail.com,328Philip,pass,0
329,329philip@gmail.com,329Philip,pass,0
330,330philip@gmail.com,330Philip,pass,0
331,331philip@gmail.com,331Philip,pass,0
332,332philip@gmail.com,332Philip,pass,0
333,333philip@gmail.com,333Philip,pass,0
334,334philip@gmail.com,334Philip,pass,0
335,335philip@gmail.com,335Philip,pass,0
336,336philip@gmail.com,336Philip,pass,0
337,337philip@gmail.com,337Philip,pass,0
338,338philip@gmail.com,338Philip,pass,0
339,339philip@gmail.com,339Philip,pass,0
340,340philip@gmail.com,340Philip,pass,0
341,341philip@gmail.com,341Philip,pass,0
342,342philip@gmail.com,342Philip,pass,0
343,343philip@gmail.com,343Philip,pass,0
344,344philip@gmail.com,344Philip,pass,0
345,345philip@gmail.com,345Philip,pass,0
346,346philip@gmail.com,346Philip,pass,0
347,347philip@gmail.com,347Philip,pass,0
348,348philip@gmail.com,348Philip,pass,0
349,349philip@gmail.com,349Philip,pass,0
350,350philip@gmail.com,350Philip,pass,0
351,351philip@gmail.com,351Philip,pass,0
352,352philip@gmail.com,352Philip,pass,0
353,353philip@gmail.com,353Philip,pass,0
354,354philip@gmail.com,354Philip,pass,0
355,355philip@gmail.com,355Philip,pass,0
356,356philip@gmail.com,356Philip,pass,0
357,357philip@gmail.com,357Philip,pass,0
358,358philip@gmail.com,358Philip,pass,0
359,359philip@gmail.com,359Philip,pass,0
360,360philip@gmail.com,360Philip,pass,0
361,361philip@gmail.com,361Philip,pass,0
362,362philip@gmail.com,362Philip,pass,0
363,363philip@gmail.com,363Philip,pass,0
364,364philip@gmail.com,364Philip,pass,0
365,365philip@gmail.com,365Philip,pass,0
366,366philip@gmail.com,366Philip,pass,0
367,367philip@gmail.com,367Philip,pass,0
368,368philip@gmail.com,368Philip,pass,0
369,369philip@gmail.com,369Philip,pass,0
370,370philip@gmail.com,370Philip,pass,0
371,371philip@gmail.com,371Philip,pass,0
372,372philip@gmail.com,372Philip,pass,0
373,373philip@gmail.com,373Philip,pass,0
374,374philip@gmail.com,374Philip,pass,0
375,375philip@gmail.com,375Philip,pass,0
376,376philip@gmail.com,376Philip,pass,0
377,377philip@gmail.com,377Philip,pass,0
378,378philip@gmail.com,378Philip,pass,0
379,379philip@gmail.com,379Philip,pass,0
380,380philip@gmail.com,380Philip,pass,0
381,381philip@gmail.com,381Philip,pass,0
382,382philip@gmail.com,382Philip,pass,0
383,383philip@gmail.com,383Philip,pass,0
384,384philip@gmail.com,384Philip,pass,0
385,385philip@gmail.com,385Philip,pass,0
386,386philip@gmail.com,386Philip,pass,0
387,387philip@gmail.com,387Philip,pass,0
388,388philip@gmail.com,388Philip,pass,0
389,389philip@gmail.com,389Philip,pass,0
390,390philip@gmail.com,390Philip,pass,0
391,391philip@gmail.com,391Philip,pass,0
392,392philip@gmail.com,392Philip,pass,0
393,393philip@gmail.com,393Philip,pass,0
394,394philip@gmail.com,394Philip,pass,0
395,395philip@gmail.com,395Philip,pass,0
396,396philip@gmail.com,396Philip,pass,0
397,397philip@gmail.com,397Philip,pass,0
398,398philip@gmail.com,398Philip,pass,0
399,399philip@gmail.com,399Philip,pass,0
400,400philip@gmail.com,400Philip,pass,0
401,401philip@gmail.com,401Philip,pass,0
402,402philip@gmail.com,402Philip,pass,0
403,403philip@gmail.com,403Philip,pass,0
404,404philip@gmail.com,404Philip,pass,0
405,405philip@gmail.com,405Philip,pass,0
406,406philip@gmail.com,406Philip,pass,0
407,407philip@gmail.com,407Philip,pass,0
408,408philip@gmail.com,408Philip,pass,0
409,409philip@gmail.com,409Philip,pass,0
410,410philip@gmail.com,410Philip,pass,0
411,411philip@gmail.com,411Philip,pass,0
412,412philip@gmail.com,412Philip,pass,0
413,413philip@gmail.com,413Philip,pass,0
414,414philip@gmail.com,414Philip,pass,0
415,415philip@gmail.com,415Philip,pass,0
416,416philip@gmail.com,416Philip,pass,0
417,417philip@gmail.com,417Philip,pass,0
418,418philip@gmail.com,418Philip,pass,0
419,419philip@gmail.com,419Philip,pass,0
420,420philip@gmail.com,420Philip,pass,0
421,421philip@gmail.com,421Philip,pass,0
422,422philip@gmail.com,422Philip,pass,0
423,423philip@gmail.com,423Philip,pass,0
424,424philip@gmail.com,424Philip,pass,0
425,425philip@gmail.com,425Philip,pass,0
426,426philip@gmail.com,426Philip,pass,0
427,427philip@gmail.com,427Philip,pass,0
428,428philip@gmail.com,428Philip,pass,0
429,429philip@gmail.com,429Philip,pass,0
430,430philip@gmail.com,430Philip,pass,0
431,431philip@gmail.com,431Philip,pass,0
432,432philip@gmail.com,432Philip,pass,0
433,433philip@gmail.com,433Philip,pass,0
434,434philip@gmail.com,434Philip,pass,0
435,435philip@gmail.com,435Philip,pass,0
436,436philip@gmail.com,436Philip,pass,0
437,437philip@gmail.com,437Philip,pass,0
438,438philip@gmail.com,438Philip,pass,0
439,439philip@gmail.com,439Philip,pass,0
440,440philip@gmail.com,440Philip,pass,0
441,441philip@gmail.com,441Philip,pass,0
442,442philip@gmail.com,442Philip,pass,0
443,443philip@gmail.com,443Philip,pass,0
444,444philip@gmail.com,444Philip,pass,0
445,445philip@gmail.com,445Philip,pass,0
446,446philip@gmail.com,446Philip,pass,0
447,447philip@gmail.com,447Philip,pass,0
448,448philip@gmail.com,448Philip,pass,0
449,449philip@gmail.com,449Philip,pass,0
450,450philip@gmail.com,450Philip,pass,0
451,451philip@gmail.com,451Philip,pass,0
452,452philip@gmail.com,452Philip,pass,0
453,453philip@gmail.com,453Philip,pass,0
454,454philip@gmail.com,454Philip,pass,0
455,455philip@gmail.com,455Philip,pass,0
456,456philip@gmail.com,456Philip,pass,0
457,457philip@gmail.com,457Philip,pass,0
458,458philip@gmail.com,458Philip,pass,0
459,459philip@gmail.com,459Philip,pass,0
460,460philip@gmail.com,460Philip,pass,0
461,461philip@gmail.com,461Philip,pass,0
462,462philip@gmail.com,462Philip,pass,0
463,463philip@gmail.com,463Philip,pass,0
464,464philip@gmail.com,464Philip,pass,0
465,465philip@gmail.com,465Philip,pass,0
466,466philip@gmail.com,466Philip,pass,0
467,467philip@gmail.com,467Philip,pass,0
468,468philip@gmail.com,468Philip,pass,0
469,469philip@gmail.com,469Philip,pass,0
470,470philip@gmail.com,470Philip,pass,0
471,471philip@gmail.com,471Philip,pass,0
472,472philip@gmail.com,472Philip,pass,0
473,473philip@gmail.com,473Philip,pass,0
474,474philip@gmail.com,474Philip,pass,0
475,475philip@gmail.com,475Philip,pass,0
476,476philip@gmail.com,476Philip,pass,0
477,477philip@gmail.com,477Philip,pass,0
478,478philip@gmail.com,478Philip,pass,0
479,479philip@gmail.com,479Philip,pass,0
480,480philip@gmail.com,480Philip,pass,0
481,481philip@gmail.com,481Philip,pass,0
482,482philip@gmail.com,482Philip,pass,0
483,483philip@gmail.com,483Philip,pass,0
484,484philip@gmail.com,484Philip,pass,0
485,485philip@gmail.com,485Philip,pass,0
486,486philip@gmail.com,486Philip,pass,0
487,487philip@gmail.com,487Philip,pass,0
488,488philip@gmail.com,488Philip,pass,0
489,489philip@gmail.com,489Philip,pass,0
490,490philip@gmail.com,490Philip,pass,0
491,491philip@gmail.com,491Philip,pass,0
492,492philip@gmail.com,492Philip,pass,0
493,493philip@gmail.com,493Philip,pass,0
494,494philip@gmail.com,494Philip,pass,0
495,495philip@gmail.com,495Philip,pass,0
496,496philip@gmail.com,496Philip,pass,0
497,497philip@gmail.com,497Philip,pass,0
498,498philip@gmail.com,498Philip,pass,0
499,499philip@gmail.com,499Philip,pass,0
500,500philip@gmail.com,500Philip,pass,0
501,501philip@gmail.com,501Philip,pass,0
502,502philip@gmail.com,502Philip,pass,0
503,503philip@gmail.com,503Philip,pass,0
504,504philip@gmail.com,504Philip,pass,0
505,505philip@gmail.com,505Philip,pass,0
506,506philip@gmail.com,506Philip,pass,0
507,507philip@gmail.com,507Philip,pass,0
508,508philip@gmail.com,508Philip,pass,0
509,509philip@gmail.com,509Philip,pass,0
510,510philip@gmail.com,510Philip,pass,0
511,511philip@gmail.com,511Philip,pass,0
512,512philip@gmail.com,512Philip,pass,0
513,513philip@gmail.com,513Philip,pass,0
514,514philip@gmail.com,514Philip,pass,0
515,515philip@gmail.com,515Philip,pass,0
516,516philip@gmail.com,516Philip,pass,0
517,517philip@gmail.com,517Philip,pass,0
518,518philip@gmail.com,518Philip,pass,0
519,519philip@gmail.com,519Philip,pass,0
520,520philip@gmail.com,520Philip,pass,0
521,521philip@gmail.com,521Philip,pass,0
522,522philip@gmail.com,522Philip,pass,0
523,523philip@gmail.com,523Philip,pass,0
524,524philip@gmail.com,524Philip,pass,0
525,525philip@gmail.com,525Philip,pass,0
526,526philip@gmail.com,526Philip,pass,0
527,527philip@gmail.com,527Philip,pass,0
528,528philip@gmail.com,528Philip,pass,0
529,529philip@gmail.com,529Philip,pass,0
530,530philip@gmail.com,530Philip,pass,0
531,531philip@gmail.com,531Philip,pass,0
532,532philip@gmail.com,532Philip,pass,0
533,533philip@gmail.com,533Philip,pass,0
534,534philip@gmail.com,534Philip,pass,0
535,535philip@gmail.com,535Philip,pass,0
536,536philip@gmail.com,536Philip,pass,0
537,537philip@gmail.com,537Philip,pass,0
538,538philip@gmail.com,538Philip,pass,0
539,539philip@gmail.com,539Philip,pass,0
540,540philip@gmail.com,540Philip,pass,0
541,541philip@gmail.com,541Philip,pass,0
542,542philip@gmail.com,542Philip,pass,0
543,543philip@gmail.com,543Philip,pass,0
544,544philip@gmail.com,544Philip,pass,0
545,545philip@gmail.com,545Philip,pass,0
546,546philip@gmail.com,546Philip,pass,0
547,547philip@gmail.com,547Philip,pass,0
548,548philip@gmail.com,548Philip,pass,0
549,549philip@gmail.com,549Philip,pass,0
550,550philip@gmail.com,550Philip,pass,0
551,551philip@gmail.com,551Philip,pass,0
552,552philip@gmail.com,552Philip,pass,0
553,553philip@gmail.com,553Philip,pass,0
554,554philip@gmail.com,554Philip,pass,0
555,555philip@gmail.com,555Philip,pass,0
556,556philip@gmail.com,556Philip,pass,0
557,557philip@gmail.com,557Philip,pass,0
558,558philip@gmail.com,558Philip,pass,0
559,559philip@gmail.com,559Philip,pass,0
560,560philip@gmail.com,560Philip,pass,0
561,561philip@gmail.com,561Philip,pass,0
562,562philip@gmail.com,562Philip,pass,0
563,563philip@gmail.com,563Philip,pass,0
564,564philip@gmail.com,564Philip,pass,0
565,565philip@gmail.com,565Philip,pass,0
566,566philip@gmail.com,566Philip,pass,0
567,567philip@gmail.com,567Philip,pass,0
568,568philip@gmail.com,568Philip,pass,0
569,569philip@gmail.com,569Philip,pass,0
570,570philip@gmail.com,570Philip,pass,0
571,571philip@gmail.com,571Philip,pass,0
572,572philip@gmail.com,572Philip,pass,0
573,573philip@gmail.com,573Philip,pass,0
574,574philip@gmail.com,574Philip,pass,0
575,575philip@gmail.com,575Philip,pass,0
576,576philip@gmail.com,576Philip,pass,0
577,577philip@gmail.com,577Philip,pass,0
578,578philip@gmail.com,578Philip,pass,0
579,579philip@gmail.com,579Philip,pass,0
580,580philip@gmail.com,580Philip,pass,0
581,581philip@gmail.com,581Philip,pass,0
582,582philip@gmail.com,582Philip,pass,0
583,583philip@gmail.com,583Philip,pass,0
584,584philip@gmail.com,584Philip,pass,0
585,585philip@gmail.com,585Philip,pass,0
586,586philip@gmail.com,586Philip,pass,0
587,587philip@gmail.com,587Philip,pass,0
588,588philip@gmail.com,588Philip,pass,0
589,589philip@gmail.com,589Philip,pass,0
590,590philip@gmail.com,590Philip,pass,0
591,591philip@gmail.com,591Philip,pass,0
592,592philip@gmail.com,592Philip,pass,0
593,593philip@gmail.com,593Philip,pass,0
594,594philip@gmail.com,594Philip,pass,0
595,595philip@gmail.com,595Philip,pass,0
596,596philip@gmail.com,596Philip,pass,0
597,597philip@gmail.com,597Philip,pass,0
598,598philip@gmail.com,598Philip,pass,0
599,599philip@gmail.com,599Philip,pass,0
600,600philip@gmail.com,600Philip,pass,0
601,601philip@gmail.com,601Philip,pass,0
602,602philip@gmail.com,602Philip,pass,0
603,603philip@gmail.com,603Philip,pass,0
604,604philip@gmail.com,604Philip,pass,0
605,605philip@gmail.com,605Philip,pass,0
606,606philip@gmail.com,606Philip,pass,0
607,607philip@gmail.com,607Philip,pass,0
608,608philip@gmail.com,608Philip,pass,0
609,609philip@gmail.com,609Philip,pass,0
610,610philip@gmail.com,610Philip,pass,0
611,611philip@gmail.com,611Philip,pass,0
612,612philip@gmail.com,612Philip,pass,0
613,613philip@gmail.com,613Philip,pass,0
614,614philip@gmail.com,614Philip,pass,0
615,615philip@gmail.com,615Philip,pass,0
616,616philip@gmail.com,616Philip,pass,0
617,617philip@gmail.com,617Philip,pass,0
618,618philip@gmail.com,618Philip,pass,0
619,619philip@gmail.com,619Philip,pass,0
620,620philip@gmail.com,620Philip,pass,0
621,621philip@gmail.com,621Philip,pass,0
622,622philip@gmail.com,622Philip,pass,0
623,623philip@gmail.com,623Philip,pass,0
624,624philip@gmail.com,624Philip,pass,0
625,625philip@gmail.com,625Philip,pass,0
626,626philip@gmail.com,626Philip,pass,0
627,627philip@gmail.com,627Philip,pass,0
628,628philip@gmail.com,628Philip,pass,0
629,629philip@gmail.com,629Philip,pass,0
630,630philip@gmail.com,630Philip,pass,0
631,631philip@gmail.com,631Philip,pass,0
632,632philip@gmail.com,632Philip,pass,0
633,633philip@gmail.com,633Philip,pass,0
634,634philip@gmail.com,634Philip,pass,0
635,635philip@gmail.com,635Philip,pass,0
636,636philip@gmail.com,636Philip,pass,0
637,637philip@gmail.com,637Philip,pass,0
638,638philip@gmail.com,638Philip,pass,0
639,639philip@gmail.com,639Philip,pass,0
640,640philip@gmail.com,640Philip,pass,0
641,641philip@gmail.com,641Philip,pass,0
642,642philip@gmail.com,642Philip,pass,0
643,643philip@gmail.com,643Philip,pass,0
644,644philip@gmail.com,644Philip,pass,0
645,645philip@gmail.com,645Philip,pass,0
646,646philip@gmail.com,646Philip,pass,0
647,647philip@gmail.com,647Philip,pass,0
648,648philip@gmail.com,648Philip,pass,0
649,649philip@gmail.com,649Philip,pass,0
650,650philip@gmail.com,650Philip,pass,0
651,651philip@gmail.com,651Philip,pass,0
652,652philip@gmail.com,652Philip,pass,0
653,653philip@gmail.com,653Philip,pass,0
654,654philip@gmail.com,654Philip,pass,0
655,655philip@gmail.com,655Philip,pass,0
656,656philip@gmail.com,656Philip,pass,0
657,657philip@gmail.com,657Philip,pass,0
658,658philip@gmail.com,658Philip,pass,0
659,659philip@gmail.com,659Philip,pass,0
660,660philip@gmail.com,660Philip,pass,0
661,661philip@gmail.com,661Philip,pass,0
662,662philip@gmail.com,662Philip,pass,0
663,663philip@gmail.com,663Philip,pass,0
664,664philip@gmail.com,664Philip,pass,0
665,665philip@gmail.com,665Philip,pass,0
666,666philip@gmail.com,666Philip,pass,0
667,667philip@gmail.com,667Philip,pass,0
668,668philip@gmail.com,668Philip,pass,0
669,669philip@gmail.com,669Philip,pass,0
670,670philip@gmail.com,670Philip,pass,0
671,671philip@gmail.com,671Philip,pass,0
672,672philip@gmail.com,672Philip,pass,0
673,673philip@gmail.com,673Philip,pass,0
674,674philip@gmail.com,674Philip,pass,0
675,675philip@gmail.com,675Philip,pass,0
676,676philip@gmail.com,676Philip,pass,0
677,677philip@gmail.com,677Philip,pass,0
678,678philip@gmail.com,678Philip,pass,0
679,679philip@gmail.com,679Philip,pass,0
680,680philip@gmail.com,680Philip,pass,0
